Description,year,gdp,state
All industry total,1997,1068048.6,CA
Oil and gas extraction,1997,4851.8,CA
Mining (except oil and gas),1997,1115.9,CA
Utilities,1997,16978.6,CA
Manufacturing,1997,156100.5,CA
All industry total,1998,1143672.5,CA
Oil and gas extraction,1998,2598.7,CA
Mining (except oil and gas),1998,1147.3,CA
Utilities,1998,16545.9,CA
Manufacturing,1998,163322.2,CA
All industry total,1999,1239773.5,CA
Oil and gas extraction,1999,2951.6,CA
Mining (except oil and gas),1999,1324.5,CA
Utilities,1999,18070.1,CA
Manufacturing,1999,179127.2,CA
All industry total,2000,1354791.3,CA
Oil and gas extraction,2000,5079.3,CA
Mining (except oil and gas),2000,1310.9,CA
Utilities,2000,18577.3,CA
Manufacturing,2000,205903.1,CA
All industry total,2001,1373270.8,CA
Oil and gas extraction,2001,4206.5,CA
Mining (except oil and gas),2001,1135.2,CA
Utilities,2001,14605.9,CA
Manufacturing,2001,177924.8,CA
All industry total,2002,1419321.8,CA
Oil and gas extraction,2002,4044.3,CA
Mining (except oil and gas),2002,1138.5,CA
Utilities,2002,20247.6,CA
Manufacturing,2002,162473.6,CA
All industry total,2003,1498578.0,CA
Oil and gas extraction,2003,5151.8,CA
Mining (except oil and gas),2003,1124.5,CA
Utilities,2003,20980.4,CA
Manufacturing,2003,176918.6,CA
All industry total,2004,1585081.4,CA
Oil and gas extraction,2004,7031.3,CA
Mining (except oil and gas),2004,1350.8,CA
Utilities,2004,20778.4,CA
Manufacturing,2004,182327.4,CA
All industry total,2005,1698858.4,CA
Oil and gas extraction,2005,10444.2,CA
Mining (except oil and gas),2005,1335.8,CA
Utilities,2005,20984.5,CA
Manufacturing,2005,207858.7,CA
All industry total,2006,1812161.6,CA
Oil and gas extraction,2006,14577.7,CA
Mining (except oil and gas),2006,1743.2,CA
Utilities,2006,25209.5,CA
Manufacturing,2006,220276.3,CA
All industry total,2007,1900220.4,CA
Oil and gas extraction,2007,18184.9,CA
Mining (except oil and gas),2007,1743.4,CA
Utilities,2007,25445.7,CA
Manufacturing,2007,231199.0,CA
All industry total,2008,1946241.5,CA
Oil and gas extraction,2008,22363.8,CA
Mining (except oil and gas),2008,1582.8,CA
Utilities,2008,24961.6,CA
Manufacturing,2008,245014.2,CA
All industry total,2009,1879809.5,CA
Oil and gas extraction,2009,14901.3,CA
Mining (except oil and gas),2009,1705.9,CA
Utilities,2009,27339.5,CA
Manufacturing,2009,226538.7,CA
All industry total,2010,1938603.3,CA
Oil and gas extraction,2010,15536.8,CA
Mining (except oil and gas),2010,1327.2,CA
Utilities,2010,28468.6,CA
Manufacturing,2010,219571.0,CA
All industry total,2011,2014050.3,CA
Oil and gas extraction,2011,17486.6,CA
Mining (except oil and gas),2011,1351.0,CA
Utilities,2011,29934.7,CA
Manufacturing,2011,221137.7,CA
All industry total,2012,2108873.1,CA
Oil and gas extraction,2012,18029.8,CA
Mining (except oil and gas),2012,1461.0,CA
Utilities,2012,29518.1,CA
Manufacturing,2012,233979.5,CA
All industry total,2013,2223300.9,CA
Oil and gas extraction,2013,16528.5,CA
Mining (except oil and gas),2013,1360.5,CA
Utilities,2013,31178.2,CA
Manufacturing,2013,245289.9,CA
All industry total,2014,2342218.8,CA
Oil and gas extraction,2014,14014.2,CA
Mining (except oil and gas),2014,1522.4,CA
Utilities,2014,32239.6,CA
Manufacturing,2014,256305.8,CA
All industry total,2015,2487156.4,CA
Oil and gas extraction,2015,6992.7,CA
Mining (except oil and gas),2015,1301.8,CA
Utilities,2015,33376.7,CA
Manufacturing,2015,268522.9,CA
All industry total,2016,2586485.2,CA
Oil and gas extraction,2016,5794.0,CA
Mining (except oil and gas),2016,1424.1,CA
Utilities,2016,34327.4,CA
Manufacturing,2016,272154.2,CA
All industry total,2017,2740550.3,CA
Oil and gas extraction,2017,6376.1,CA
Mining (except oil and gas),2017,1877.9,CA
Utilities,2017,38232.7,CA
Manufacturing,2017,294636.7,CA
All industry total,2018,2899530.9,CA
Oil and gas extraction,2018,5364.4,CA
Mining (except oil and gas),2018,2250.8,CA
Utilities,2018,39673.2,CA
Manufacturing,2018,325580.2,CA
All industry total,2019,3068629.7,CA
Oil and gas extraction,2019,4309.5,CA
Mining (except oil and gas),2019,2101.8,CA
Utilities,2019,40275.7,CA
Manufacturing,2019,335966.3,CA
All industry total,2020,3076755.1,CA
Oil and gas extraction,2020,3165.6,CA
Mining (except oil and gas),2020,2716.5,CA
Utilities,2020,42352.7,CA
Manufacturing,2020,322932.9,CA
All industry total,2021,3423958.3,CA
Oil and gas extraction,2021,5513.3,CA
Mining (except oil and gas),2021,3195.9,CA
Utilities,2021,47378.4,CA
Manufacturing,2021,371145.4,CA
All industry total,2022,3660415.7,CA
Oil and gas extraction,2022,6823.7,CA
Mining (except oil and gas),2022,3177.4,CA
Utilities,2022,53990.8,CA
Manufacturing,2022,397569.7,CA
All industry total,2023,3870378.9,CA
Oil and gas extraction,2023,5267.9,CA
Mining (except oil and gas),2023,2970.9,CA
Utilities,2023,52572.9,CA
Manufacturing,2023,411801.6,CA
All industry total,1997,401744.2,FL
Oil and gas extraction,1997,86.4,FL
Mining (except oil and gas),1997,565.8,FL
Utilities,1997,8917.8,FL
Manufacturing,1997,29841.6,FL
All industry total,1998,428595.6,FL
Oil and gas extraction,1998,52.0,FL
Mining (except oil and gas),1998,591.0,FL
Utilities,1998,8578.1,FL
Manufacturing,1998,30085.4,FL
All industry total,1999,457607.0,FL
Oil and gas extraction,1999,52.0,FL
Mining (except oil and gas),1999,688.1,FL
Utilities,1999,9448.8,FL
Manufacturing,1999,30665.9,FL
All industry total,2000,490094.4,FL
Oil and gas extraction,2000,81.1,FL
Mining (except oil and gas),2000,586.0,FL
Utilities,2000,9482.3,FL
Manufacturing,2000,31337.9,FL
All industry total,2001,519140.7,FL
Oil and gas extraction,2001,74.2,FL
Mining (except oil and gas),2001,535.4,FL
Utilities,2001,10331.7,FL
Manufacturing,2001,30197.3,FL
All industry total,2002,553359.9,FL
Oil and gas extraction,2002,72.6,FL
Mining (except oil and gas),2002,591.1,FL
Utilities,2002,9430.1,FL
Manufacturing,2002,30939.3,FL
All industry total,2003,590284.8,FL
Oil and gas extraction,2003,53.1,FL
Mining (except oil and gas),2003,649.0,FL
Utilities,2003,9974.2,FL
Manufacturing,2003,31370.3,FL
All industry total,2004,647041.8,FL
Oil and gas extraction,2004,45.3,FL
Mining (except oil and gas),2004,799.1,FL
Utilities,2004,11160.9,FL
Manufacturing,2004,33997.0,FL
All industry total,2005,704890.3,FL
Oil and gas extraction,2005,40.3,FL
Mining (except oil and gas),2005,990.0,FL
Utilities,2005,11249.1,FL
Manufacturing,2005,36624.7,FL
All industry total,2006,749925.0,FL
Oil and gas extraction,2006,38.9,FL
Mining (except oil and gas),2006,1149.7,FL
Utilities,2006,13659.5,FL
Manufacturing,2006,39754.9,FL
All industry total,2007,781947.3,FL
Oil and gas extraction,2007,33.2,FL
Mining (except oil and gas),2007,1401.3,FL
Utilities,2007,14057.9,FL
Manufacturing,2007,42437.2,FL
All industry total,2008,767357.8,FL
Oil and gas extraction,2008,51.9,FL
Mining (except oil and gas),2008,1820.0,FL
Utilities,2008,14380.3,FL
Manufacturing,2008,39796.4,FL
All industry total,2009,739322.4,FL
Oil and gas extraction,2009,29.9,FL
Mining (except oil and gas),2009,1137.0,FL
Utilities,2009,16212.0,FL
Manufacturing,2009,37657.9,FL
All industry total,2010,752998.4,FL
Oil and gas extraction,2010,49.4,FL
Mining (except oil and gas),2010,1114.1,FL
Utilities,2010,16335.2,FL
Manufacturing,2010,36510.2,FL
All industry total,2011,761043.1,FL
Oil and gas extraction,2011,73.9,FL
Mining (except oil and gas),2011,1649.6,FL
Utilities,2011,16455.7,FL
Manufacturing,2011,35620.6,FL
All industry total,2012,784545.9,FL
Oil and gas extraction,2012,101.6,FL
Mining (except oil and gas),2012,1567.9,FL
Utilities,2012,16305.0,FL
Manufacturing,2012,36486.9,FL
All industry total,2013,819679.8,FL
Oil and gas extraction,2013,75.2,FL
Mining (except oil and gas),2013,1524.4,FL
Utilities,2013,16483.3,FL
Manufacturing,2013,39906.5,FL
All industry total,2014,860112.6,FL
Oil and gas extraction,2014,63.2,FL
Mining (except oil and gas),2014,1066.1,FL
Utilities,2014,17033.4,FL
Manufacturing,2014,42088.2,FL
All industry total,2015,918464.3,FL
Oil and gas extraction,2015,38.4,FL
Mining (except oil and gas),2015,809.1,FL
Utilities,2015,17147.6,FL
Manufacturing,2015,47701.5,FL
All industry total,2016,964500.8,FL
Oil and gas extraction,2016,34.2,FL
Mining (except oil and gas),2016,958.7,FL
Utilities,2016,16667.3,FL
Manufacturing,2016,48973.6,FL
All industry total,2017,1014866.9,FL
Oil and gas extraction,2017,43.3,FL
Mining (except oil and gas),2017,1085.0,FL
Utilities,2017,17499.7,FL
Manufacturing,2017,49925.9,FL
All industry total,2018,1072085.6,FL
Oil and gas extraction,2018,46.5,FL
Mining (except oil and gas),2018,1123.1,FL
Utilities,2018,17822.6,FL
Manufacturing,2018,52847.7,FL
All industry total,2019,1133718.0,FL
Oil and gas extraction,2019,35.6,FL
Mining (except oil and gas),2019,1034.8,FL
Utilities,2019,18115.1,FL
Manufacturing,2019,54402.5,FL
All industry total,2020,1142004.4,FL
Oil and gas extraction,2020,24.4,FL
Mining (except oil and gas),2020,1319.9,FL
Utilities,2020,19425.8,FL
Manufacturing,2020,55801.7,FL
All industry total,2021,1298631.2,FL
Oil and gas extraction,2021,36.1,FL
Mining (except oil and gas),2021,1156.3,FL
Utilities,2021,24124.5,FL
Manufacturing,2021,62206.6,FL
All industry total,2022,1465281.1,FL
Oil and gas extraction,2022,48.7,FL
Mining (except oil and gas),2022,1280.7,FL
Utilities,2022,27832.7,FL
Manufacturing,2022,71112.0,FL
All industry total,2023,1600810.6,FL
Oil and gas extraction,2023,44.4,FL
Mining (except oil and gas),2023,1349.3,FL
Utilities,2023,27664.2,FL
Manufacturing,2023,77603.8,FL
All industry total,1997,610659.8,TX
Oil and gas extraction,1997,29164.8,TX
Mining (except oil and gas),1997,749.6,TX
Utilities,1997,15639.0,TX
Manufacturing,1997,103115.0,TX
All industry total,1998,648243.1,TX
Oil and gas extraction,1998,20678.6,TX
Mining (except oil and gas),1998,850.8,TX
Utilities,1998,15200.3,TX
Manufacturing,1998,106926.3,TX
All industry total,1999,683347.4,TX
Oil and gas extraction,1999,23933.1,TX
Mining (except oil and gas),1999,1076.5,TX
Utilities,1999,17310.3,TX
Manufacturing,1999,100602.3,TX
All industry total,2000,742161.5,TX
Oil and gas extraction,2000,36267.0,TX
Mining (except oil and gas),2000,907.1,TX
Utilities,2000,18748.1,TX
Manufacturing,2000,105422.0,TX
All industry total,2001,780206.2,TX
Oil and gas extraction,2001,42483.4,TX
Mining (except oil and gas),2001,949.1,TX
Utilities,2001,20188.8,TX
Manufacturing,2001,106042.3,TX
All industry total,2002,796357.3,TX
Oil and gas extraction,2002,40596.7,TX
Mining (except oil and gas),2002,918.4,TX
Utilities,2002,18052.6,TX
Manufacturing,2002,105120.7,TX
All industry total,2003,840860.8,TX
Oil and gas extraction,2003,54017.2,TX
Mining (except oil and gas),2003,1009.0,TX
Utilities,2003,18968.2,TX
Manufacturing,2003,109168.6,TX
All industry total,2004,921230.7,TX
Oil and gas extraction,2004,62677.6,TX
Mining (except oil and gas),2004,1217.3,TX
Utilities,2004,19691.5,TX
Manufacturing,2004,141799.3,TX
All industry total,2005,1003745.9,TX
Oil and gas extraction,2005,85035.7,TX
Mining (except oil and gas),2005,1492.4,TX
Utilities,2005,19715.8,TX
Manufacturing,2005,146492.3,TX
All industry total,2006,1108236.5,TX
Oil and gas extraction,2006,94708.4,TX
Mining (except oil and gas),2006,1814.3,TX
Utilities,2006,22945.2,TX
Manufacturing,2006,168722.1,TX
All industry total,2007,1198565.0,TX
Oil and gas extraction,2007,111716.4,TX
Mining (except oil and gas),2007,2038.4,TX
Utilities,2007,22867.6,TX
Manufacturing,2007,182528.8,TX
All industry total,2008,1253142.0,TX
Oil and gas extraction,2008,147814.4,TX
Mining (except oil and gas),2008,2247.0,TX
Utilities,2008,22053.7,TX
Manufacturing,2008,165147.0,TX
All industry total,2009,1179168.1,TX
Oil and gas extraction,2009,90720.7,TX
Mining (except oil and gas),2009,2487.0,TX
Utilities,2009,22463.2,TX
Manufacturing,2009,156405.1,TX
All industry total,2010,1255660.8,TX
Oil and gas extraction,2010,97711.0,TX
Mining (except oil and gas),2010,2403.5,TX
Utilities,2010,24488.4,TX
Manufacturing,2010,178999.0,TX
All industry total,2011,1351776.9,TX
Oil and gas extraction,2011,114588.0,TX
Mining (except oil and gas),2011,2234.0,TX
Utilities,2011,26541.8,TX
Manufacturing,2011,207522.3,TX
All industry total,2012,1429588.0,TX
Oil and gas extraction,2012,123817.1,TX
Mining (except oil and gas),2012,2427.9,TX
Utilities,2012,24736.6,TX
Manufacturing,2012,205945.4,TX
All industry total,2013,1526781.9,TX
Oil and gas extraction,2013,146763.9,TX
Mining (except oil and gas),2013,2594.4,TX
Utilities,2013,25384.0,TX
Manufacturing,2013,220031.8,TX
All industry total,2014,1592177.6,TX
Oil and gas extraction,2014,157215.1,TX
Mining (except oil and gas),2014,2637.4,TX
Utilities,2014,25713.6,TX
Manufacturing,2014,196049.3,TX
All industry total,2015,1585985.9,TX
Oil and gas extraction,2015,88593.8,TX
Mining (except oil and gas),2015,2933.0,TX
Utilities,2015,26018.3,TX
Manufacturing,2015,201786.5,TX
All industry total,2016,1582981.5,TX
Oil and gas extraction,2016,75638.7,TX
Mining (except oil and gas),2016,2634.4,TX
Utilities,2016,26439.7,TX
Manufacturing,2016,187456.2,TX
All industry total,2017,1667313.0,TX
Oil and gas extraction,2017,91989.1,TX
Mining (except oil and gas),2017,3211.5,TX
Utilities,2017,28206.5,TX
Manufacturing,2017,198838.4,TX
All industry total,2018,1808026.9,TX
Oil and gas extraction,2018,112646.1,TX
Mining (except oil and gas),2018,3386.1,TX
Utilities,2018,29832.2,TX
Manufacturing,2018,233772.6,TX
All industry total,2019,1864872.3,TX
Oil and gas extraction,2019,105721.3,TX
Mining (except oil and gas),2019,3398.9,TX
Utilities,2019,30999.3,TX
Manufacturing,2019,211551.5,TX
All industry total,2020,1802143.7,TX
Oil and gas extraction,2020,61638.8,TX
Mining (except oil and gas),2020,3925.3,TX
Utilities,2020,28666.7,TX
Manufacturing,2020,185334.5,TX
All industry total,2021,2088972.3,TX
Oil and gas extraction,2021,133744.5,TX
Mining (except oil and gas),2021,3940.3,TX
Utilities,2021,33764.1,TX
Manufacturing,2021,224081.4,TX
All industry total,2022,2436925.0,TX
Oil and gas extraction,2022,194149.1,TX
Mining (except oil and gas),2022,5059.6,TX
Utilities,2022,41697.0,TX
Manufacturing,2022,275379.2,TX
All industry total,2023,2583866.2,TX
Oil and gas extraction,2023,159060.7,TX
Mining (except oil and gas),2023,6272.3,TX
Utilities,2023,45967.0,TX
Manufacturing,2023,292645.3,TX
All industry total,1997,716104.7,NY
Oil and gas extraction,1997,12.6,NY
Mining (except oil and gas),1997,319.3,NY
Utilities,1997,13266.4,NY
Manufacturing,1997,58446.4,NY
All industry total,1998,744958.9,NY
Oil and gas extraction,1998,10.0,NY
Mining (except oil and gas),1998,356.2,NY
Utilities,1998,12725.6,NY
Manufacturing,1998,61923.6,NY
All industry total,1999,794009.5,NY
Oil and gas extraction,1999,6.8,NY
Mining (except oil and gas),1999,394.9,NY
Utilities,1999,13454.6,NY
Manufacturing,1999,62848.8,NY
All industry total,2000,839853.0,NY
Oil and gas extraction,2000,10.9,NY
Mining (except oil and gas),2000,397.5,NY
Utilities,2000,13245.8,NY
Manufacturing,2000,64946.2,NY
All industry total,2001,876285.2,NY
Oil and gas extraction,2001,20.9,NY
Mining (except oil and gas),2001,383.0,NY
Utilities,2001,13640.5,NY
Manufacturing,2001,61461.9,NY
All industry total,2002,885386.2,NY
Oil and gas extraction,2002,18.9,NY
Mining (except oil and gas),2002,375.8,NY
Utilities,2002,13243.2,NY
Manufacturing,2002,63442.6,NY
All industry total,2003,908535.2,NY
Oil and gas extraction,2003,36.5,NY
Mining (except oil and gas),2003,408.3,NY
Utilities,2003,14177.9,NY
Manufacturing,2003,61707.8,NY
All industry total,2004,958565.3,NY
Oil and gas extraction,2004,59.7,NY
Mining (except oil and gas),2004,484.4,NY
Utilities,2004,16119.5,NY
Manufacturing,2004,63388.0,NY
All industry total,2005,1009851.0,NY
Oil and gas extraction,2005,89.6,NY
Mining (except oil and gas),2005,520.0,NY
Utilities,2005,15755.9,NY
Manufacturing,2005,65039.7,NY
All industry total,2006,1072271.8,NY
Oil and gas extraction,2006,103.5,NY
Mining (except oil and gas),2006,680.5,NY
Utilities,2006,17053.3,NY
Manufacturing,2006,69442.0,NY
All industry total,2007,1116265.3,NY
Oil and gas extraction,2007,143.0,NY
Mining (except oil and gas),2007,716.7,NY
Utilities,2007,16747.1,NY
Manufacturing,2007,68547.6,NY
All industry total,2008,1107860.2,NY
Oil and gas extraction,2008,202.6,NY
Mining (except oil and gas),2008,788.8,NY
Utilities,2008,17022.5,NY
Manufacturing,2008,66555.5,NY
All industry total,2009,1155492.3,NY
Oil and gas extraction,2009,157.1,NY
Mining (except oil and gas),2009,774.5,NY
Utilities,2009,17669.2,NY
Manufacturing,2009,69382.2,NY
All industry total,2010,1217748.0,NY
Oil and gas extraction,2010,194.6,NY
Mining (except oil and gas),2010,782.8,NY
Utilities,2010,19881.2,NY
Manufacturing,2010,68497.2,NY
All industry total,2011,1245769.4,NY
Oil and gas extraction,2011,280.5,NY
Mining (except oil and gas),2011,637.8,NY
Utilities,2011,20199.8,NY
Manufacturing,2011,63986.3,NY
All industry total,2012,1324471.3,NY
Oil and gas extraction,2012,249.7,NY
Mining (except oil and gas),2012,592.2,NY
Utilities,2012,19746.5,NY
Manufacturing,2012,62889.0,NY
All industry total,2013,1364632.9,NY
Oil and gas extraction,2013,248.3,NY
Mining (except oil and gas),2013,520.1,NY
Utilities,2013,20355.9,NY
Manufacturing,2013,63584.0,NY
All industry total,2014,1434606.3,NY
Oil and gas extraction,2014,247.6,NY
Mining (except oil and gas),2014,522.2,NY
Utilities,2014,21492.7,NY
Manufacturing,2014,65896.9,NY
All industry total,2015,1498474.7,NY
Oil and gas extraction,2015,114.0,NY
Mining (except oil and gas),2015,460.3,NY
Utilities,2015,21037.3,NY
Manufacturing,2015,69814.4,NY
All industry total,2016,1556830.0,NY
Oil and gas extraction,2016,79.2,NY
Mining (except oil and gas),2016,544.8,NY
Utilities,2016,20824.4,NY
Manufacturing,2016,68208.2,NY
All industry total,2017,1624800.7,NY
Oil and gas extraction,2017,67.8,NY
Mining (except oil and gas),2017,564.1,NY
Utilities,2017,22186.8,NY
Manufacturing,2017,69419.6,NY
All industry total,2018,1710665.6,NY
Oil and gas extraction,2018,71.7,NY
Mining (except oil and gas),2018,594.6,NY
Utilities,2018,23633.0,NY
Manufacturing,2018,68628.3,NY
All industry total,2019,1787470.9,NY
Oil and gas extraction,2019,69.1,NY
Mining (except oil and gas),2019,608.5,NY
Utilities,2019,24616.3,NY
Manufacturing,2019,72382.3,NY
All industry total,2020,1773369.8,NY
Oil and gas extraction,2020,61.3,NY
Mining (except oil and gas),2020,663.0,NY
Utilities,2020,27530.5,NY
Manufacturing,2020,68995.3,NY
All industry total,2021,1923413.3,NY
Oil and gas extraction,2021,78.4,NY
Mining (except oil and gas),2021,785.1,NY
Utilities,2021,29557.0,NY
Manufacturing,2021,76599.0,NY
All industry total,2022,2052758.8,NY
Oil and gas extraction,2022,95.2,NY
Mining (except oil and gas),2022,783.2,NY
Utilities,2022,31178.3,NY
Manufacturing,2022,82496.9,NY
All industry total,2023,2172009.6,NY
Oil and gas extraction,2023,105.6,NY
Mining (except oil and gas),2023,856.6,NY
Utilities,2023,29161.1,NY
Manufacturing,2023,85901.8,NY
